assignment_time_generic,assignment_time_ontology,match_accuracy_generic,match_accuracy_ontology
2.2557477586797754,1.8653517603291643,57.57723634873763,87.87230590598489
3.0889381786334345,2.2602784178083293,61.071598435202844,92.64315645835923
2.803191399220797,2.305445162765553,75.08716642106802,95.18184971312569
2.0874821144327633,1.7901857752179442,73.65232481212263,93.82316565173099
2.4585598992125854,2.2324694968810954,59.12576054380423,98.47125540051553
3.3505746148388607,1.5294500560248347,65.670615000545,90.50071062170242
1.7193283026427704,2.0292023278503337,71.22727225503887,95.66829727570853
2.518434948457529,1.7497255921164974,70.79420887386523,84.68365951809088
3.1963745034822137,1.8476901979408544,58.47428009702887,93.81725850950058
2.3433038390939593,1.7071767943566951,69.98605906119944,88.95664095543485
2.418445539351178,2.256087918601695,64.69209895197014,89.23997909860303
2.6521164124252437,2.25616234112956,75.71187422017007,96.11266054544342
3.286555850449715,1.8826398664001667,67.17890338682868,94.25887494512125
2.4344392013261396,2.2026746919330793,70.59165356957585,89.14341854452525
2.5124072161415736,2.1683817659406124,67.73436429436525,101.38503573531295
2.516259489752593,2.051464473699967,72.4653112079409,95.5647336445128
3.5723720330901823,2.737451059875073,63.71477653184074,87.91203817813731
3.5647144355895146,1.8377364148580417,72.47634509754175,78.99720097114435
3.091621559151551,2.094291527213941,75.774673202045,91.15015372987918
2.8444745596699423,1.9752838912113322,79.59691995223139,88.14025175639273
2.984947430358497,1.9784659956108734,78.06111662683855,87.08057605410426
3.28629281126032,2.137823601227444,65.12965681452877,87.66974528484879
2.3156664526390434,2.0016812899431065,71.92061331315836,90.58909130177399
3.160331617912841,1.8318719719723284,73.32573314967499,95.81710630900625
2.188447732900395,2.127268249387919,71.99927361763109,85.48856798359387
2.4348993990186356,2.4446994940261955,72.99621865106613,89.58328843802656
3.0528420783201202,2.3728299139935496,70.98605604291726,88.99211996630534
2.118527719909612,2.150913346522613,65.0739420126158,86.19301901769977
2.6339725119245334,1.8693809558603212,69.66337437592563,91.16583103270106
2.3452980416561258,2.1459288801198406,73.56539887792917,97.87450102705637
2.5877522517877614,2.4153929070037816,71.21579289870769,92.67280375364838
1.5705643578157102,2.447356778698096,61.71224361842248,90.22001287551376
1.9813867581960611,2.1979061178699184,63.04652851182547,87.92548018418357
2.410049106160833,1.9806928399501345,65.90362613787369,90.11054307281431
3.060984972703433,2.0291741751701386,67.15063764057936,82.17105673644853
2.620545726883914,2.3216137782015513,69.35936669326352,89.62919903200988
2.6911383663587243,2.295903864461375,62.4397235298442,89.03015106696495
2.965289084440914,1.5626901163586049,73.24923058804838,92.04808764351154
2.338185462796379,2.287585269437683,57.0688576219531,94.16827115125395
2.803450929522916,2.303386502008858,71.62508028625045,93.25398240080314
2.3678533927737537,1.823842572498418,71.48985390848213,89.3062824632233
1.998932202351757,1.8605056651328955,72.32900179021293,87.5716582893672
2.5336400824979597,1.8628507705647093,49.69137543915954,87.07673117148178
2.919522344962023,1.8859211592431457,60.169419545061544,86.38232344395112
2.8254356203999205,1.6649751238417296,66.24855429381718,87.13220822918274
2.685267802208472,2.183927578865584,69.42652043060966,89.34592656144628
3.6469461063750903,1.8542841803697467,67.90351244727971,84.40886577956577
2.8551648641235117,2.068884849172613,63.43614574017913,91.89452866113282
3.0814944023749384,1.9407293650853013,76.2265683192944,89.41171757751394
3.5852573353991812,2.166553256419007,70.37657994749536,86.14301418306152
2.1723658707355002,1.7868148891784146,65.99199499517862,87.01941646741017
2.2744847159180184,2.16357961246894,62.37581366493234,93.67509550571515
3.3874848900491723,2.2069343047831076,68.8161010684953,93.96868978327211
2.3707749059035748,2.3382783755595886,76.07807268868483,100.64924575822738
2.701873292121332,2.680330726817197,68.61459694728619,92.45205278900846
3.117726387769739,1.4623694689237343,68.20451065765418,86.85977692560674
3.0462825565172684,2.186094300311941,68.80432260733373,86.65484398360195
3.3919544727924436,1.8772511475179778,69.13575679288414,91.65118492945945
3.2882576548133877,1.5124823981266518,66.97756189472982,93.52536493904917
3.1177570678822946,2.3424891869919966,62.465584467864026,96.23485941308171
2.3809165143011235,2.4896599651684714,77.7269872856146,85.96598331095677
3.007945067117287,1.9725116868502226,72.28870487378441,90.35440820737391
2.815708797802747,2.153274888866603,81.31451371864398,84.67283367966779
2.1594938160238177,2.070776977951053,71.435091246002,91.60943613277024
3.256919618590741,2.2202593004279585,66.98911914462896,85.33970948262818
3.0128946138314268,2.354160724677079,62.63039624693528,96.44873461107352
2.708196032252439,2.193481200708019,66.38702578973638,86.39892948897844
2.5967631756062346,2.1937309788380475,61.367047994330974,92.64110147739089
2.210679542119685,2.46792096286149,81.19682812421726,90.58008097676789
2.769809629423453,2.0406013333470145,68.29610657206459,90.1208807373951
2.8773756477782575,2.3669193713896846,73.19494530940689,81.78077012711006
2.357538006302688,1.8433998733425443,74.26800880048492,89.49003689288192
3.154881619639812,2.5721254840150105,74.99358230803215,85.49202104705317
2.2511187814067863,2.3113476177118715,83.94200568017811,87.26749965214455
1.8407598599830233,1.968872139832562,67.81798743112844,92.09924440524777
3.10589083635708,1.4556355558731,67.29064140839957,102.12842929790735
2.528653584759157,2.0899067848606547,69.40332978105852,98.44192683881123
2.6395881658747937,1.735457177368775,72.96610332543672,92.22486289583463
2.3549933108699785,2.179890380953924,69.49115036683212,91.63426744138629
2.0476148957130387,2.5253506468401423,66.76000726917674,88.32124740096502
3.1920949498896873,2.1380179378389466,64.03278188784672,85.39534197933521
2.414452406461231,2.0365962157026427,63.676468148065,91.89338634695387
3.354380995259176,2.1926616211987575,70.04378336849842,87.89998302400026
3.0129232744842915,2.175695058832962,62.30684267539594,97.80292609451155
2.564096741313016,1.3811407674643257,57.33440114875431,99.5587304835999
2.255639039549253,2.162281059221154,69.10296113149492,99.53189349724794
2.397015205311817,2.2760832068353087,75.49204249758418,87.0402654596688
2.204990747561932,2.0121975097121876,72.43704679887232,87.61729678393093
3.524845343835274,2.3835677234421526,68.29088417244984,84.45086500956441
2.75577649209193,2.0516976276251007,70.85831117755572,92.81779133834648
3.150082217018653,2.320099628744123,58.352594211937024,86.0532395038264
2.183059180395909,2.7719315321186464,64.19319499680964,87.18301984758556
2.7624140518388014,2.0610826612920583,78.6362191266801,85.90593672324218
3.1611447755234314,1.5073603502245256,75.62312436033534,87.39424952192398
2.5559956952267937,1.9890224827773173,64.0594067066779,97.34176651402488
3.102445783568697,1.5722329985629788,79.10130477632688,78.79999819352759
2.2561728351976935,2.2733713479321187,64.02086555993728,92.26651769520397
2.1446113821525663,2.482805292209927,63.378528565323386,86.27120609271456
2.8417602448312542,2.298763898515262,77.76909716582101,100.44895725237849
2.538329426170979,2.186092463823881,76.37721432561654,93.62593487092933
2.9468218757087326,1.8965223627425725,64.80978703412073,85.31562051317204
1.8988448273918204,2.5626949237899432,68.10055817003773,87.15162804093569
2.9749058541882074,2.3159828635997957,66.3156301129005,87.33531107871899
3.729321570907726,2.175340867018865,71.47524518613724,95.07796097946272
2.6801496074274076,2.151458095713971,77.96109070265008,97.52510331100943
2.7036568515639368,2.1234882075950017,71.64614270841402,90.59127879441778
2.7618197938554716,2.225664927187823,67.70518308930728,89.25550515983899
1.945209715683285,1.9060018462815187,60.187569943613184,94.59685254760703
2.860458655876124,2.547574980201026,73.145575104702,90.02312566666285
2.047836102393614,2.135701925862183,60.940022391410444,92.00580162407263
2.518928160750478,2.27001633514175,67.25848828217667,90.89586821036289
3.1871478198414946,1.9599298166991719,74.24523742737681,86.3528353243501
2.3959132175599693,2.202475560072028,73.34847530690477,96.03468374014354
2.89049959582696,1.405474272108056,73.51615097948111,87.23663236291591
3.0950956215825483,1.7545103364625525,72.6634195346126,98.62009661908449
2.8014963424384,2.080576054044061,69.28974271444083,95.21082726000925
2.141620611962157,1.6932580669829997,70.24314320897281,90.77165382871948
2.5570098898594344,2.82182421915955,68.96162861479466,84.30296444236126
3.4737645369553145,1.5895756058271835,71.34372233655718,97.4412219364069
1.8799816948010115,2.1937702247107813,71.66494229012996,91.31920163954855
2.57968559445353,2.58673194604225,69.21330380239134,93.92106025397088
2.469156771404757,2.2343861178236253,71.53426614703076,96.546209231426
2.7382989452388555,1.9969317339855874,64.22259172700697,84.85998778126331
2.989286246874892,1.9243567748501642,66.52756426573181,91.53633699798387
3.3334763872088216,2.291976646631793,69.80604122224442,88.20383229736795
2.581907043196337,1.8499187956872358,80.133429193662,91.33769938851805
3.014936531990728,2.0541541670573733,71.62684414919075,91.95707048614489
2.889896057946069,2.297359581715424,67.57811072494601,82.41391748891706
2.87973891914872,1.9976362920271096,67.0566344430123,88.87364235648113
2.464430427389411,2.116253003056614,72.93940960335632,90.30342096401392
2.2910714124896394,1.9987741122352969,67.80670595201049,84.26453718800714
2.249982754951721,1.7990607189479397,72.28802401182816,86.59093605699967
2.3874251162403506,2.446745145416643,71.52078474216857,90.46085689524463
2.8186746303464907,2.5079198721748974,60.798924400079734,92.9880918097497
2.9943797572513318,1.994990013828993,71.28398863860222,89.23983225310673
2.819387539142758,2.0103271523964255,71.24030526546568,86.75546500477223
2.4704179615217035,2.0366301983060384,73.25967399544338,85.3812294266039
3.41238804397299,2.2516409820877343,63.293791334225055,88.2922793604337
3.297546249452616,1.818409920427541,75.0740716108053,86.30439719147937
2.5483999548999305,2.0634424083342227,67.38253530312953,92.57892098643752
2.3606274376057335,2.1688877165507434,80.52847343354534,91.03849618332383
2.742085981663188,2.2826126448161737,79.08984102280425,86.97384854776061
3.1969194580217413,1.255748817535574,64.69083283055771,90.92611288782258
2.823105990901647,2.2110209628705535,60.04776657112825,100.38708578537111
2.9126194819640174,2.1937540285757247,72.65317891191259,93.28565052190616
2.60516795108975,2.39231847100989,63.398188894991556,91.04594434372761
2.8725083580808923,1.9321207954337911,75.399795890775,93.1270667613252
3.3078177805824556,1.93449403841928,71.6321574534033,95.5891146148559
2.5941324874089156,2.4507549760009106,59.53298515399982,83.05392197610279
2.747323093003149,1.6210529881552371,73.17059188958034,87.98246234435197
2.791526590619851,2.5787270874144195,69.23723060322071,87.12307112197591
2.803490142308415,2.8567683377683477,70.91388090595754,86.9944241666272
2.125244449571509,2.2332355054114656,77.69668425877275,99.41425201339625
1.9392525376504421,2.334229542072984,67.60747481142106,92.19627351512705
2.282137971631264,1.6431254878701966,73.02393256143708,94.92109886648518
2.7571769181606673,1.881632063990728,64.7498291109129,91.24519520886048
2.9115424664012846,2.4073587641516303,64.89978993749133,102.28788927158308
2.4777301760905504,2.19854460409467,67.06930016659378,80.85482563618169
3.2409029931469227,2.0355717610919686,64.61567344526803,87.72026838686091
2.632729610269525,2.1598607397018634,71.86395513986494,87.91720417093704
2.69812639929385,2.2420929452960796,60.32703877861229,88.33042903597295
2.612414451778935,2.0020712896738897,73.46023758034534,94.01525828021967
2.743610717098666,2.0813162165069783,63.75467561752084,90.30591992339792
2.9717896296174415,2.0791077875603197,70.70399783927915,92.8274019072251
2.9562613751649325,1.7743163055767182,61.15665710501993,94.59038615715254
2.330630823756164,2.18707838838773,71.31416747992634,90.9143361073081
3.299465510591411,2.631075774383927,75.01244572525606,93.17837568526075
2.251989417029233,2.6095886390558576,68.45960415494588,87.91890074235614
2.721690805636245,1.6470802112444722,77.84696165654564,86.99804948751179
2.5802413705910587,2.261189365963021,67.54656515315558,85.91209771355996
2.270403329072605,2.2926511342717317,70.90934328646729,90.27983614899415
2.6599517648104674,1.9668468611529073,62.754651464104604,85.6063650834715
2.3936744906830407,1.8007399895862815,71.07442850722919,85.08522220927773
2.719162897310421,1.6937557057485053,64.93435031445837,92.83133934053087
2.851234384487747,1.9565888663449904,64.005612987103,85.71314487847697
3.2787717475893086,2.1950027409821637,78.03863200831759,92.45342956791526
2.8129536874509657,2.0425825472698227,60.651652783439594,88.45029812245706
2.44550986387807,1.9067200735210525,67.69991241121105,87.29591809801276
2.5333520757121595,1.71525301059473,72.74802061088003,93.98881507450817
2.7459912424458253,2.195214877516489,69.827832527919,94.36539991728031
2.7273843317848603,2.4099627340908363,57.13130534326667,90.86389007516294
3.273835707291368,1.8119234083896523,72.08384654500398,96.24513316414443
3.2481411719027817,2.224528689244617,59.98810635371554,82.33300849808327
2.5464256295030956,1.5261574268268796,65.69616311326176,94.76376957649771
2.4705431487255205,1.8927601673176273,66.91011981954064,86.28266294517628
1.6671781583728567,2.308881235854728,50.5878211460812,88.8611284519144
2.470431834671112,1.7546698371831135,67.7540065544988,91.51348037007821
2.298776917566286,1.9086689825562706,72.46185212268364,86.77863522509784
2.5480702167620723,2.5153900485310094,67.36248500119399,89.70811081659966
2.8466336969400445,1.8701468059242372,69.5280718617438,87.97965483593671
2.760876931679595,1.8338165542312206,82.19689980809355,88.8753988060697
2.678012797180983,2.2627545085792016,75.26518542141203,99.37024679426389
2.7698328444354052,2.6764200689465882,68.76225348804235,81.54502242220673
2.6395528907076033,2.018099015811764,84.18075385423435,88.93379122944214
2.7688075730173902,2.32062075809558,64.5181367511653,91.66772420273358
1.397577996832275,2.4937307540345017,71.57003035917073,84.80755613909042
2.5822826040996985,2.1876656488641713,58.782594192267894,89.14287632145304
2.645659711578797,2.009024629644482,70.82980083064768,91.26294611693051
2.5534953135173657,1.8271019784123539,67.72039711258488,91.51633353252653
2.6028214951588233,1.6624367117236805,68.77083892759431,93.60354134830392
2.971324047122692,2.423510523531142,70.65993650936973,94.83605273219544
2.4507578674636696,2.144287143722566,70.10802388145305,88.41243610493913
3.570280839686851,2.4898402827268797,61.85697382288702,90.29405563506458
2.9653187720888354,2.386677594904911,66.06159466677663,83.51305374774873
2.6874770996344512,1.9049088439917155,68.43697035528814,89.66373100101136
2.6073350787209733,1.7339339900298936,59.68202877268602,83.37017227399687
2.655391085447146,2.2138008748810747,73.2956736480701,89.94893194837482
2.3238771720224083,1.9002479346976346,79.88558208947552,93.60540123588669
2.6519189842967963,2.203006742300216,70.25161556092245,91.75950189965364
2.8014734066908216,1.8706544187015774,65.18094969276729,90.31047103358817
2.921816646229292,1.8316324240408175,54.35826078717808,93.53155662708711
2.9218759116577333,2.0477027571377855,59.12245963649731,94.720399424281
2.580048981373626,2.370230186122395,70.46929607049402,86.17123752170714
2.1235670989912276,2.1819619685940728,76.10086287446478,95.23751511967801
2.422358949506622,2.4435125446015347,67.0574853489339,86.4961003628777
3.334877217124955,1.7199314890834316,59.32782826678875,87.89513425496506
3.048423325363979,1.7728768575403104,63.08674601084897,93.16587764765349
2.8378478345216696,2.063250890251905,64.90940463978023,90.69917506756201
2.3854823020959506,2.7397104149879206,56.61146108173949,89.79580017364847
2.691458061989511,2.2922858340687116,66.50554596357188,90.6772889571199
2.187732525735007,1.7700161773865812,73.84355922596022,95.81004513402252
2.4692252497215703,2.0671578641126875,58.141130314126556,90.20607625418096
2.591918663325922,2.1562144372403775,64.98619567791593,93.25462444125668
2.5453440272539147,1.9193942763316973,56.051743919667864,93.14031813219904
3.072640772422405,2.2739824973169513,63.403189005953415,99.29464444006099
2.122509634385819,2.043066158550558,67.49693142290937,96.12492111394678
2.3438270913939383,2.000200784537099,74.6293578963079,93.0701825411034
2.1401248115911122,2.4680770361577435,71.17982266484982,93.13793427823273
2.1950587149248584,1.5771017293519143,61.18096902138649,90.66020369256246
2.7396223585786594,1.8014583974645917,68.97328598807296,89.16990307013276
2.049823786777491,1.8448073055677658,66.36300619084919,89.84388885331994
2.9915475115350545,1.8356956790003904,68.32149221890793,90.00980047583816
2.59127368922357,1.8713740864125872,67.18308155133711,87.87849282753484
2.717515333010391,2.236542787367246,70.31156961326954,88.03865040365478
2.8190306951988813,2.418959848523104,69.50478708338672,89.61426906725117
2.5163333918993636,2.3648123781967665,73.68524423892259,88.44082988744752
3.102991886301351,1.7841313620412973,69.11121050868594,89.02872898684157
2.612262909308946,2.0577746304290376,78.70857733466364,89.14972801021554
2.927628102095628,2.225679564042447,71.56727972168859,93.9763384738858
2.610355046897099,2.1620008856856328,77.41769304110471,93.46554426195338
2.806349754969969,2.48172421985277,72.79352514089013,94.5108723383489
2.8018650680631847,1.8873997293367968,64.29600700941235,95.50279162678056
2.7899879757822124,2.136895826330247,75.98179917220293,86.65788839266463
2.300276860151632,1.9720307855281733,75.62348048292183,90.02992064377047
2.864350308218976,2.1653225057268566,50.880442483479754,91.25602233595593
2.5624172043601616,1.766330926193091,65.05448339445347,91.89006055934553
2.9421952121959674,1.8113186837127273,77.20083055264392,92.20725217120629
1.8290026222350781,1.8709667420634537,74.83176703897009,96.29101313037283
2.1039535111780197,1.9208992066534858,59.491453194374856,87.42980970758667
2.8353782248540114,2.554376979689829,73.63844707295526,90.93852137074225
3.4351710340420913,2.4426205742886293,78.93613289762239,84.42388205140196
3.0240234987244947,2.026205098785817,72.10086038053649,91.77658163423246
2.4170196263200077,2.1418799882628514,59.39727732875118,82.73430712423011
2.0131790338488176,1.6116691945668804,63.61872646172029,91.52224037593633
2.987074488464647,2.0362122960345608,70.84307668734586,95.48377483836617
2.65776671118282,2.1378844139935183,67.0852367245096,92.69839745414184
2.926281687157754,2.433705264020367,76.1937423248573,85.11290589818616
2.7361194888843166,2.1880414159024895,72.86061728746321,86.41315947747701
2.701857170048198,2.2198670176326654,80.37538382689749,92.6766188182621
3.8734501783572703,2.1793288669251387,74.62576316359423,89.3943213315009
2.6875480155817684,2.1707003569016385,71.77047781853197,80.09760460533253
2.626301916298694,1.6709722472195072,66.48256065511906,96.27626423917549
2.641420529838391,1.9649726994979098,76.96721675404353,90.7352812591295
2.4565853133169373,2.5204660395624625,68.4335398961976,83.46704494673337
3.086053157886125,2.3371689327827734,62.14200958333231,90.95482122949093
2.5484982664874605,2.238270349719542,68.69384202333548,99.86523695581502
2.9443770822578355,2.110014592767218,67.83968097218201,89.24053305889097
2.8038412119254223,2.2878324187236987,62.33940484278068,89.17298579375895
3.1775943448529707,1.8065331773141562,73.4498147248199,87.01236553764488
2.8580718387953445,1.6159821313958727,67.54338779240216,92.81158263658223
2.204646087620941,1.9753740343295094,70.81309059913329,91.0311077517356
2.1594048859784234,2.2513769173171334,63.636457501977944,93.55329308551188
3.2533476584307603,2.122348964680583,67.3955057093374,86.63411634811693
2.4465156786942233,2.394187603653485,73.12338959056473,93.18008406418924
2.161758968084139,2.1954351549681403,66.89434735792537,84.59897494924171
2.422152560052097,2.1034526588643025,66.1714164235937,92.1341123032339
3.195850114787203,2.4882454862046908,81.72431358489948,86.33653937621459
2.121914800420595,2.42971273353724,70.32878904596599,90.07277634650299
2.343401918496156,2.060572609634167,72.87316982010165,82.88605994404364
2.423276996481392,1.7590850416951764,72.95205138552907,90.3407087510774
2.189524050610722,1.8177915523233457,68.99147818366194,89.81100253720838
2.2162690645953345,2.041564658514754,71.61851022683865,83.02191580835925
2.0827568098945366,1.9799565849042646,62.46462801075708,97.69042566597953
2.505525034745311,2.587328698964195,77.23407216655868,92.70056749951652
2.548036467303966,1.5859597553166105,76.00639354318324,84.99649836468986
2.4169847383186776,2.070722663933236,69.56030887011725,85.36619290683551
2.0285208644129433,1.7701320537805296,68.43877084167069,88.77949316341424
3.1913343787423982,2.125040560673915,60.838299270275954,87.34579724652123
2.158368468331136,2.2046794498676032,74.67879692730665,89.48193359598572
2.801213484809148,1.9685309076758282,66.84427550452813,80.14486470560215
2.2600933627524498,2.249144424104455,72.11957814058576,97.5155763508752
2.957326746696611,2.0304119178481117,59.61188863640204,86.67161466783932
3.0723329420668657,2.036181316173149,72.25187315981088,95.35439151327974
2.3389545653489376,1.9646333823743267,67.33096856672566,89.14389678430544
1.9205137081211494,2.285247286619475,68.47263801849661,100.91515799213252
2.968314927655843,2.1315504391118743,59.75134822728245,93.76525558970697
3.440320218685454,2.5619718889348375,72.54229221080517,94.68083516894887
2.8562778159569735,2.4710074630473153,64.66359535208515,95.28085964554315
2.754217768591887,2.2561323822711734,68.11323134763114,90.27573315271013
3.0179042438440757,1.4421675061699857,73.30550410860566,90.57821349849036
2.9960219383988074,1.6447015063878085,67.87741999089135,89.33547610350965
2.3584044664955957,2.3858751718369478,80.51608206962213,91.52695537134984
2.426339475721341,1.9473084321424825,62.917301302092156,90.24097402845962
2.9344494200223643,2.1604531273034873,69.86696306373716,91.5294610928083
2.6323946610078828,1.9008573800000825,70.921271297224,86.3285062135956
3.216642238345421,2.245365989154873,62.18426604006712,88.02532760770838
2.4082631411484967,2.3773969832283512,68.93319494646487,92.39464745358481
2.9902439667473923,1.7271116781243148,67.21122128176539,89.9944682763315
2.827055192547691,1.8459285723537384,69.77746799827123,92.08090532032928
2.639424974516146,1.5908814760004861,71.16725267446571,92.919369223648
3.160364308733843,2.160022193548631,76.92933007495924,93.89596130957496
2.962028613146972,1.5904158737510528,70.15786035831151,92.12277054709544
2.288013138647158,1.9801754915304077,71.73712170168113,88.85477958812493
2.946087472167939,2.2458833439598407,77.5458273981052,86.00647751356361
3.2399962525976798,2.7074278804024883,58.73599120516789,95.11035753588698
2.6378221244061506,2.2005255026862356,66.80669939270058,86.78296151729802
2.5905376598460106,2.4658654225924765,68.63284836760299,89.90052485327571
2.42214114094259,2.1677476527679294,58.911081922231375,97.17973400471897
2.6845584457298597,2.1827730228155042,68.86775086993964,86.33157857845697
2.964480274421164,2.0267231306680418,54.02958393232212,88.6739169907542
2.362932680168501,1.9750189601289094,72.70378012036974,90.43321900846287
2.151456975705104,2.442313445462809,59.38245884186911,81.86071026558531
2.5397000356072295,2.2024023058474897,60.767771864921194,85.0896096925689
2.1381100085364997,2.1908889034653667,71.59850055467896,95.53114182736988
2.8992873765130525,1.9075474218706798,58.2278025797577,91.93443339959043
2.5193240920024795,1.9864874805714687,80.9280596748393,93.61485020986923
1.9878392621796772,2.7102471448937178,69.11127687084678,91.05113756743432
2.550556994104596,2.0697494508715173,67.80773220444291,81.11222548816193
2.6129540056823637,2.4878504178775995,75.73947639758624,85.31653362702048
2.8696542453438867,1.933924486599776,67.91377608156165,79.88211018039915
2.631854582738316,2.3304632514644843,69.86785026406709,92.7877472031667
3.4374905827359235,2.1769386796536834,67.44900889758446,102.09616813192781
2.4825184593844,1.9688860683970593,65.33891567197051,82.84681391429652
2.6650405805670774,2.2845688695633446,70.6642437810461,94.72012417677215
2.648835754294932,1.6269668273322575,71.60267113017515,94.8026407810206
2.5769486462371907,2.26238642867635,60.63385670381813,90.74028345616574
2.746970234005176,2.3260709665734933,63.02484485355993,83.7326974908664
2.906492518879069,2.1719219564338075,64.37756817977427,85.99991137601313
3.226039481414574,2.483277108951157,68.21951188791992,80.80992693129139
2.0622975490422144,2.069569863591929,70.5085297666417,89.33496725918609
2.4858628504775515,2.045258244604653,81.55212243355656,90.8788290470532
2.5108914298591025,2.1965118587324,70.07774492251565,93.59921841800696
3.0651401189446825,2.3503118758160517,67.33650354345859,88.98117705630456
2.5473347755706626,2.2609521543357456,64.03922727487404,86.0849673449999
1.9319297627682723,2.02201607760122,74.41022365082588,86.79447700490331
2.7250921855466306,1.791431646446406,68.32739492553566,89.30767302543109
2.6765243073836245,2.289043776783895,70.4847028657273,91.25625487143398
2.761900626308526,1.8531286177180577,68.39585709589436,96.15936574348854
2.2739348476082073,1.84451738961192,71.75852178954572,99.10919279052091
3.3776138724338014,1.8936070471871915,71.32007003472121,89.86424529253597
2.5604560864858614,2.107312642027095,70.68044050094521,85.04969680128444
2.614681256602533,1.8511110607128485,68.42338182638431,95.42790631711081
2.3299965720763356,1.7492935889644907,68.96991563209679,101.40636366041429
2.3175991984501105,1.8923474166626644,70.73214930985556,86.50812587494893
2.2009052161004856,2.0350004568617286,56.66240327197433,87.66145306627145
2.5326756592875372,2.226285340443522,68.19215696420551,89.35846636928703
2.3069672644973465,2.110180073229122,74.38281578569013,89.99983598813984
3.512586936490089,1.7658613714253373,65.47008148081963,86.85613163876792
1.9346030478452738,2.158598639471317,55.65027410760675,83.65983794797737
2.2386677807272823,2.1868266564187997,59.951286156016906,92.65551686369994
2.529434228617194,1.9535110428756342,68.85870497564783,89.29170599829844
2.95939651123933,1.851126182351611,64.00336663385663,94.9808767343334
2.5244972474479748,1.8510109537812856,69.2169421607548,92.34948417623202
2.960385357201191,1.930456304946334,68.28738077854125,94.49052508692573
2.295278444283871,2.7542726109307623,65.53815998451869,90.18349885831722
2.7137164535578826,1.823278277362836,62.81851328403014,93.05642944676684
3.3876164348043334,2.169799750153664,69.59247042416776,86.62690645980128
2.3029022417202087,1.875769221088124,68.82048334215193,92.16147662462113
2.857827070358158,1.9382050652644038,67.644274068528,94.45134420237905
2.772771007713304,1.8781590681810791,73.72172806604772,95.87608388037391
1.789386005604852,2.3303607157719717,69.62814007317145,88.57875229687076
2.4544117814117286,2.2037323485629914,64.76420763056622,92.60159638090222
3.1424607621223957,2.0511968596577588,66.21257690455106,95.78029589850264
2.7440310689938796,2.2408804839949306,68.02222121366687,82.8996968762099
2.2050924148415745,2.313039708582152,69.1514637163574,88.29609415487667
2.966310909166257,1.834785486079548,76.55213254161131,92.53291557455012
2.4983508218742587,2.254175723954909,78.69727116943893,88.62883896033779
2.8340202912323345,1.8747104946735158,65.53943359644106,86.95850730300498
2.8407680457750524,2.3413805681580566,62.181616495577174,91.89232868420996
2.242521759541771,2.3120595438159657,65.0884227697188,87.81007875030824
3.0059312138937195,2.2111109152090327,70.96277020257881,90.26434734039704
2.2869964795059294,2.027022097632789,73.47999672395422,82.96501394196399
2.167685653463344,1.9321672210636698,65.91049937295215,87.83430025152607
2.336868404911185,2.0109113903980713,62.82352285355182,91.21169807625085
2.551563986454722,2.320746429216059,70.73240313597658,89.49987229666155
2.733761262576505,1.8853006862996957,72.20391682583843,89.74970898400792
2.3809665070510238,2.1049013719911027,74.71132660139432,91.38018184786542
2.9879277249580465,1.565711249203469,64.50992501830783,94.87620129043971
2.7905856736174375,2.16811239755729,70.40606109882249,88.85415499750681
2.4120807139577987,1.7793414747737146,58.446632620214935,89.84910203594204
3.045597167037942,1.6945589804494838,67.75524794526814,90.28768271456376
3.154427343058593,2.245614464582192,72.78293848902123,87.80049207517585
2.6505261212761946,2.1531012590401426,77.45069621916028,86.41415954488993
2.6040067820144435,1.9569867531055976,70.2431940186192,93.75016573354837
1.9804914586974594,1.9993712972692077,66.92532412978652,84.72026252935206
2.5269949630434123,2.771310130237008,59.82363830235901,92.62515426714499
2.573397314973854,2.03175671209311,69.79306371161381,89.00445828814611
2.7881517629038766,2.029635191516723,72.25372940629445,88.41905820596
2.622629427347811,2.285691583746423,74.58336113604291,91.40910715466973
2.787610775256198,2.1161637011805063,69.88359143499459,92.08903282445759
3.3036361157215457,2.386228534927272,62.571624662268896,85.27768041305379
2.478034360546529,2.1732346405646426,71.7763734312677,89.78761809587614
2.493611086973661,2.3183267427615144,78.70826512907517,87.95553210881148
2.1663338742789673,2.2229991238954496,66.799368698474,86.61046016594732
2.6865358133033657,2.2835911294470925,63.50507898766482,80.53473662161159
3.080725192987844,2.0772041090461464,66.3889714560259,93.76751406110668
1.989571860323052,2.156758333180731,68.31961027085394,93.94493304787154
2.4236572131922447,2.008689352039823,65.20676267839599,84.6944233806307
2.7043762010015673,2.271250852215902,72.7086303269561,89.45682519414382
3.030041153409775,1.6861883946303962,71.02745410959874,84.42662500954913
2.843148095610746,2.307840886966417,66.36061559946342,88.33122308567499
2.8201854512728524,2.3894076050666624,68.27906601860823,87.05944562430348
2.6002748856116398,2.3125285333744157,59.01169831574298,96.00564497574896
2.882749702807486,2.0587706841450153,70.35965108060728,83.75984302537
3.0957215534133846,2.241568763332089,59.89777947541214,81.88105027598141
2.0064032893803185,1.8570263996168723,66.70827750785114,88.33644344391207
2.9814141603340536,2.3411306641703122,65.58579877124481,88.608732262864
2.650496077653315,1.7602354128224893,71.24613190396103,98.75593087487007
2.478004454314194,2.268119336374859,65.69073343471382,86.49338615727322
1.712769685648274,2.2497972183840163,68.11355651994535,96.55024634971812
2.13785947053828,2.2120183508791085,77.52067140617963,92.1826074224489
3.3692235968989004,1.9558749067258216,58.826464557383616,97.34880723391721
2.4145805870145782,2.318049869890263,69.08991992295547,91.1608694940873
2.2560924914987672,1.5388205412309075,73.67167655243546,82.65450806184656
2.507429617542563,2.3231665437103874,64.57072380378516,85.74068662620695
2.3919411112565627,2.147431372859874,68.52762703200568,92.36777878025076
2.739743453047566,2.405287601762556,60.09589396131429,85.92673635122551
3.2967894712986445,2.150014695474964,58.586447268143786,100.6710657690045
2.4553536196591144,2.6414570440279133,72.80486503544691,81.68067724637645
2.7517160202207482,1.807454199965556,66.40442403905865,87.07922063274546
2.231105143503906,2.27282219555047,60.39262243511193,92.02720120914879
3.2980665768826127,1.8241986532532835,65.51238840784839,89.999590855957
2.765617376965644,2.0520841458637324,72.08704983728629,87.78560905111715
2.2572723506837518,2.3127117762928022,71.76251347500273,96.42502883624502
3.0517224880538567,2.27762909786315,74.79117845017345,90.24861808762279
3.1699950594330453,2.713861604107303,65.32561920447299,94.75334321202843
2.7545825453630544,1.98457797999095,64.57263689200492,88.01875196475122
2.0342412129836895,2.4758004032438543,70.41837651695181,94.59415668593734
3.4040675254065897,2.0137099438609423,74.5005829261734,90.95452465051494
2.81404900825061,1.8797299735145903,66.11519277371455,82.61322528843212
3.158181718944581,1.6031139315748928,74.24496595581905,84.45036429846783
2.469642717953143,2.138801187770645,66.36583409652151,94.98428929922751
2.5305504301064397,1.9336083183151613,80.82845684848982,89.91292362773221
2.7341812437162263,2.344255210948671,57.90998918668528,95.05579272491165
3.135360671214352,1.9314797735196703,77.76249274896365,93.17823557429084
2.7471960112668645,1.9470195327254165,59.26537076967774,84.86862297741656
2.187266474986527,2.1963965829292813,75.86135749800576,84.54637536536535
2.7947956787133363,2.6063647394418177,68.92338392101671,89.44173799584762
3.3418136778043066,1.7634050357191553,65.63460827829026,90.66361150552514
2.7163225129851325,2.3952838414195985,62.856501542557005,86.76964020850957
2.741754209510593,2.3522315899386106,62.73845492306075,92.19969311568445
2.184982502886472,2.0237162088894696,72.55871133538962,88.93584639481823
2.128804364910864,2.292624885505502,71.20788620528802,86.49453805351722
2.4349231444747033,2.004717072101757,67.25048835249305,91.04766230203329
2.5593929413525105,2.801416536207575,68.23783612127826,87.00630201181592
2.7316242940041118,2.056371412473476,63.08518469568285,83.37167245535197
2.7563827897896704,2.114124228065799,67.59133857336548,96.97490643940584
3.3307630604067713,1.9922625172547523,73.80363078147849,81.0453130525831
2.713474975379964,1.581963785746538,62.86368882761277,82.44095257741009
3.115769075364363,2.011053986036543,71.57893883808025,93.63209072232597
2.674268266142034,2.159611091461672,65.58517413475698,91.08551214080973
3.2695614446503045,2.540276786497019,59.08182747585291,87.34654808847779
1.9418410085011195,2.2375871383389696,74.87624087447394,98.63352365095449
2.450507293328628,2.0331853436801905,60.018922337106346,88.12534614586595
3.0832133585036963,2.107982957824285,65.56455082678822,89.39400945471839
2.6213615978973137,2.1882021099224893,74.92244595639349,89.97000731540149
3.0626118453551863,1.9763101824263196,63.59801415796569,92.65588114715023
2.844026441110908,2.2946711050408584,74.1495758853045,93.00734470712625
3.0683507934852137,2.577526447426004,65.6641404128962,96.03061085442276
2.9352270912115372,1.9810553784513387,67.82910601255985,87.79600832647968
2.9594595735255,2.4522590797551085,79.89573960851199,89.69359442324875
3.28698215486062,2.352897891269396,75.32832303311764,88.5518055855199
3.084589607480376,2.2511734583161593,68.92573114090182,83.92000249018359
3.087522682854564,2.123577685567059,64.41065765982417,88.4184427104867
2.6981675035142305,2.191335161294813,68.56400624368928,91.39732567626207
2.457259916073251,2.0247820478384573,78.46261935296594,90.41567274823663
2.4261759646910814,2.6410605511179788,81.64951057285514,96.32635173664454
2.990377838875872,1.8744790532733608,64.61902459237682,90.79409311217971
1.7146157743819903,2.43048340828578,77.20989488119747,85.44228677086177
2.1671287246782858,2.5549165163796843,58.775250494525906,87.58000628571038
2.304698525648484,1.9930597001531898,71.9880590889812,86.22615802467558
2.5909514485225533,2.4397540877876325,70.68363516653604,87.19642273125169
1.6374247852766664,2.133194403869303,74.75069122368642,89.50228785215414
3.193488521035733,2.1087079365906507,63.32230616330777,93.33060402764237
2.9300700945318376,2.0676308921491637,69.29070463772176,93.78773837144324
3.4838329593834265,1.6058806698372736,57.04326550220706,85.79146241768372
3.1148857875691127,2.2543771874755114,64.55660216832578,91.79196347567452
3.102151732460811,2.5230655293055237,68.29627814568872,89.59272556607355
3.5902704124123472,1.878583873212618,69.58652980379429,88.3194916794903
2.4616167652570278,2.344201597423712,85.43102411482066,86.894347300652
2.088616640300242,2.0644383823118835,65.29269053873541,86.58944319585743
2.597057041402904,1.7621932175067756,68.52719120038779,87.50676719624148
2.3600031784611355,2.389366989715935,61.37278498494604,94.59579760313032
2.587261855590221,2.595811049388873,56.892980752221824,94.13206162353721
2.2699124038967637,1.8517242923391168,73.87996493213923,93.63410457625449
2.917152026981599,2.154740508659862,73.92326229940744,79.66379558329517
2.8951931398394897,1.6580792876961947,60.00981270713439,95.49622633754772
2.679230963772691,2.0773978044286294,58.092275542399406,91.26673979843522
2.8146326013531517,2.235819920852979,64.52112218067302,93.79660499609994
2.633179709148327,2.615872881753038,78.568857299748,89.12931353028472
2.9908134673069124,2.5572721148378372,59.3223377697848,90.73138490049851
2.7178562997941422,2.582749502468966,72.55896083194155,95.90539103438084
2.5838217500416905,1.931872417438387,69.20170244677495,94.4606196678288
3.0618337879770845,2.0164504794502953,66.55891352965929,85.7279819020537
3.1943285076907046,1.590708372523419,64.71193022807336,86.32322351898294
3.224981530256485,1.8754533474743063,69.89439048145516,91.91995682860765
2.293890124272207,1.6544512394464677,66.50415009340841,90.79054651056799
2.476221116783321,2.199661068991172,65.96414556793643,85.89876737402726
2.009401562100923,1.8809029985626267,67.13400751998455,89.63861108121758
2.5945739927185576,1.759573319055508,75.18089717201723,86.83337591896961
2.8564495257910503,1.9833756692297957,69.69833275523173,92.52743617112776
2.63687953019521,1.7345369132211668,68.82060673956128,100.13616520416527
3.462340346819321,2.18270504593629,76.8337306298239,85.81549907466102
2.5276626499554573,2.175334248207031,66.7642944373263,91.89373701028074
2.254596577804428,1.995286222982678,77.14030915670311,91.79396668129847
2.9174016826671503,1.8707973558759718,64.27754499496564,88.99704145353849
2.749973531399264,1.6881675875463298,71.64000837149268,88.20466997040808
2.9098570383201543,2.2566069815744116,66.42906993450262,88.34694009073688
2.811515172314476,2.1586162219806306,67.98217271365579,83.3127064748509
2.7875063042123496,2.2292946392367328,64.47624066187247,81.01115493788039
1.8410804467829633,1.9980693857142058,66.59814106111111,86.02043026318461
2.3995543889930615,2.0246229483255793,64.12639565637677,87.18363971173692
2.453870032818854,2.522599744632891,70.85739597735316,93.25919618733933
2.5508142648260295,1.9098245403503187,63.36891429590784,84.9446187134996
2.5106433446156236,1.9962067932325747,71.67300206245558,87.54378348592623
2.8551275046750764,2.3131676248595445,82.71710177960826,94.72629884663118
2.9303530034768075,2.1808733889666887,58.91424811138155,93.48095454702545
2.237343629299539,1.4760133378800502,53.930059596404256,92.0519127142214
2.964721762717871,1.5836339809904996,62.37200726924484,94.86970192338298
2.9243072554668283,1.8917506200169716,72.9341104750148,101.84726282771541
2.8763080264152867,2.36308989933361,64.06192398957894,89.44898037818392
2.122842204788132,2.291501923304805,71.9226346348716,92.64626758964826
2.8662329201156,2.2458570082249953,74.19024962388411,89.31942337704906
2.723038167814508,2.2783232289007467,66.86842348388198,89.07611043678159
3.074352030085538,1.7993165736132433,73.79708633108969,85.85756729730143
3.4037427181205215,2.270314127975166,54.556039182649556,97.51268813987451
3.3252271542377048,1.813614890983237,73.49064965894877,90.76873492657654
2.7350576688959714,2.3741897605316313,73.27575057688055,96.80286099801047
2.6892501233096917,1.9368304597357777,67.79345954308013,91.62639435273663
2.942779313603733,2.174487823432004,74.52157303214639,86.004697977301
2.243984018632224,1.5276504788842948,77.18987359593602,89.98040417946066
2.1097267433580797,1.6853333263383843,80.19020554941613,92.81599774575315
2.5009877631900004,2.4172032313662735,80.24162070294092,90.8816375829798
3.1782275654858108,2.297523161056073,68.7387057288253,81.72670827048962
2.5575486806870114,1.72461896800376,67.53857508198797,89.97657384106395
3.291032362323774,2.4756775167241996,67.92358215537827,88.15600170981175
1.5747548467659989,1.7627646713545573,52.08560922915102,88.03856116659533
2.0551174292849477,2.0959883311712995,72.65875636392086,83.73900320381118
2.6405245068577203,1.9459698134401542,82.73106973686406,98.399902045386
3.04527781653635,1.8129754410136636,71.85158464805455,94.32562671502502
2.6621507605119628,2.440382168461573,59.72897904575116,86.17811799017728
2.65173890220268,2.59549444868728,62.33238064560114,88.89512842713246
2.6413034018971633,2.143482265129297,62.67560301395906,95.7132653468927
1.9848409062395702,2.5477996750588003,78.50801708620486,82.58605133425587
3.153227549775941,2.005635484043181,71.46460229742523,96.99397125275668
2.4168941120650516,2.1224925795147063,72.29258466694345,91.5338058509838
3.125813062885781,2.1294467769183854,70.5565312548826,92.03808083603943
2.6617906328150602,1.7429873334128834,61.619979749020985,89.17781870921233
3.1172641549316324,2.239837067738759,62.64214467793781,91.88384636358062
2.8273031923910263,2.3029079420487104,72.55250475725921,98.71085243113143
2.6473302037767033,2.0379579096076017,68.92589043801107,90.39580186746944
2.780504658827481,1.582474649566147,57.065599641913444,86.80974766496546
2.1008089563553694,2.200311648311323,73.19476468200074,87.54697640675194
2.692411730868414,1.635495945754915,77.04205112319917,94.5994173163377
3.3764161288448524,1.8466190499092683,68.43899047533601,91.15178472392446
3.213277425595486,2.1294263877350943,66.47261647296136,90.96327864016018
2.295990566920771,1.8591012607028738,76.73133338818656,87.42970688943726
2.8922743405351694,2.1661029951635524,67.2060362500214,96.25874855015944
2.7891919538990155,2.022136923531056,64.6556862127564,90.48753395511794
3.016875312046963,1.6008510467776835,59.015128223613615,86.2691127861704
2.7276611542088847,2.140391468323553,65.40368730576532,82.02578975301569
2.59659840274796,2.265973904085962,79.78870385223343,84.38965035351708
3.2222523105442593,2.393720072843564,75.49920875084725,91.73417057580401
2.776558627308804,1.9800295775699164,69.12812539643075,85.93672445676609
3.192185728778526,2.071554896379438,68.3641688590836,80.76068507524761
3.0797544813377975,1.6414673991980595,74.43679985333011,86.11614651255574
2.5602051033924367,2.679466821601787,69.02403855400027,89.23518762953626
2.623199890257136,2.541502456804905,60.690181092069494,92.56482429754396
3.461932973599609,2.0804497947159346,69.28018135721277,78.50350463743163
2.766592930175965,2.0525474682065132,69.47061255492268,89.67109667227014
2.38654863065599,1.210933146689607,68.47871718103151,93.9501615492404
2.2099826888059906,2.4005787688738245,69.9704446193977,85.99522321487878
3.0796529741031025,2.2588583543471863,64.17330520305904,87.30368145088171
2.754117488438509,2.3338435611490604,69.34593970236955,90.80392500994293
2.3731632197884065,1.9684255534101718,58.620000300501076,85.43458603493762
2.95983393249465,1.94917135248099,62.784148312307686,85.78419779960208
2.7538994780223685,1.7193744062538998,66.91248386874888,89.37709873190373
2.0258099716948172,2.3234029190555,72.07547914299329,90.696375392074
2.9254742218843246,2.465646163609539,66.58627853530506,92.48687348677107
3.2232762811372933,2.4271648630289135,71.08521019367844,89.97293934215911
3.7139400922529884,2.1461772728025057,74.63833249348302,89.91208938427825
2.703961025624802,1.9920044893497417,83.16342295037785,91.02224186671263
2.7830598632842185,1.7744088729901688,66.61182296714615,85.96704930273626
3.3326387220939218,1.8794748441107436,64.47323857767896,80.46098328288127
2.757488906774592,2.2302651420905066,68.63539372679591,85.84220167563161
2.800136745231969,2.0046339873797376,69.61039863271984,87.71017387863951
2.4377526434277694,2.5824212554206554,71.7313526336981,86.21706385440558
2.132249954914724,2.435706809247298,73.35657639698341,84.77886910505889
3.055075174327942,1.909457260365153,66.67740410973627,94.6816655233295
2.1805719052751025,1.7253013806994988,72.83430090772188,86.1603193969982
3.146262497178985,1.9254744971686497,68.89999369614262,88.24661461416723
2.374733776444936,2.4096148839309484,75.88696701240602,92.48872667668186
2.7960935833593195,1.9328232775634842,66.69924293430462,91.87707878270176
2.5410913074566857,2.25379639554995,69.25555917431551,86.62331518461974
3.159840095182936,1.920235964231848,70.04856263920028,85.90161668478426
2.8103385608826326,2.192949247107033,75.30840410158618,89.59802433679836
3.4736381410028567,2.248442592005894,68.37496860749077,86.78221750829631
2.2565289282561674,2.3857499736753636,62.07671631585359,89.31094160566515
2.8555452326143027,2.5199720391739246,58.05670702740024,86.02257668721755
2.7089367523628534,2.4830686804423805,74.70746012147833,91.77111788000238
2.801977428502769,1.9309485472481687,72.30567451006605,83.54092512916347
3.3283684686441797,2.045894379156787,78.53787991478113,88.93916519355753
2.924127212036914,1.7379424714374956,68.96404542223358,91.2114377793194
2.230989836529117,2.01929441373966,68.92824631269787,91.2176905931221
2.9034043273359313,2.097295143459377,69.4941355946739,100.78024516174037
2.5237522495377,1.9688120195211707,65.13016712305148,88.86787676383528
2.5006580119716837,1.938924629465148,64.10683513129774,90.54865870670314
3.1083429312133477,2.399624053325738,71.07421806926345,89.48119866293413
2.4490640067895084,2.3622448835272247,75.60314945878827,98.47340700063074
2.5381078689679457,2.2097366143556134,72.08323098428173,94.43309242747999
2.7029629017615484,1.7067468189311141,65.46590899897313,98.59159855813732
3.0684743586981553,2.15027926985007,70.99035630791339,87.31064604352706
2.9226359211444755,1.9747305287179988,69.47642936555415,90.64425322237993
2.5962340352328512,2.484718238239127,64.96355106925475,90.1305800967257
2.5811294137250425,1.5493127759979917,60.94269553472258,84.71796219168277
2.2259481353865884,1.922352892610106,63.3332863957245,91.44760808728824
2.3860659645629347,1.9140049075239298,75.6924390164327,85.45218806149836
2.4282475656718026,1.9500277904120291,69.94707246999106,94.64271377330216
2.630283623301022,2.3772736245491415,64.68434799560418,88.95907629447599
3.484705214867665,1.3842924766469444,68.86704969623699,83.05654303257258
2.419812226485427,2.0275843471310355,72.12617555444679,87.38118240958181
2.5716683728377445,2.3452162022352394,65.1051046310179,90.11154952718594
1.8690406380093576,2.3840352518025076,63.73340845680732,97.75754155254182
2.9302284377242027,1.92527664183798,57.56395070770048,93.80399248925681
2.0590204824691978,1.8860665551973739,75.04014915350812,90.31694489481136
2.327364191134257,2.193864072041812,71.98632701153188,93.84258854834194
3.106934147376397,2.1353110070752157,72.48327332324133,90.67313869787584
1.8480286281684148,2.110820934508177,71.82771580117935,85.89566561476602
2.7283681649580958,0.9495865409417026,56.031691442514514,91.75865001483811
3.010371858666051,1.7518483385290597,69.0686095734827,93.77140510226232
3.300177694576111,1.8310330811454478,71.1448052734239,103.62839720625377
2.3219627566041545,2.2829029585877105,68.83146931967525,91.23448225319898
2.440390059904054,1.6577720885992784,54.05689549662273,87.73170736907454
3.4117745293610406,1.7760117317418649,67.63868086413221,94.08853932437336
2.679975942167361,2.0436847982202795,66.83055260086324,93.0043099817813
2.395494426292131,1.7037214469660442,74.7288026756387,97.01569820324059
2.403005665077109,2.2828561715542897,67.76602236453581,93.27665207782384
2.300977470573014,1.9725788960574178,65.2268894599669,82.20739498907825
2.514131117829603,2.639871779688295,65.22331498165796,89.62628751806987
3.125288190579738,1.9010843848823333,72.80936554945436,95.69858498147936
3.0451064274293853,1.9171150390500307,72.50228486881898,97.59406291308386
2.2202918788698622,2.3313314867807926,67.09476596022222,86.1589973880887
2.775834429881694,1.8933989220000558,65.96681175229803,88.92789123979556
2.5291361059709927,2.5434704961326515,54.35801227995617,92.84825900225822
3.0029761616417767,2.2348744826816773,55.94594165433949,88.05990328443474
2.62745610910828,1.998836018166856,63.30375477570462,88.74228699857923
2.838609872719907,2.0417606008768767,67.5223408673877,93.99575879497122
2.6265579172166,2.9452123211352763,63.575130359144765,94.46358929042061
1.8151656277447108,2.236596307699385,59.16377132790602,95.03953596269105
2.708800978147458,2.1351431047824287,68.17533291874204,92.17150501184015
2.181301220187965,2.0502269734449836,68.26699444189677,85.35798317003463
2.9888513646707366,2.4011486098040793,76.38632428744629,89.28273239174355
2.4180688430400847,1.6345021058602196,66.21182440532415,85.46621902312663
2.447994937570804,2.035643593109953,66.96855269986872,87.61384912050612
2.686438869995079,1.239902763195949,64.02578601729418,92.48851394102687
2.921117581689752,1.9299777122264998,84.2835196384798,90.6464828937724
2.6221024728803486,2.344378043873208,72.33284886108218,99.84517191305996
3.346873108818008,2.504669251656565,63.347046921557606,91.08608162417008
3.3495271445943233,2.2717910714540115,56.38306181654376,91.74082503680195
3.3761874368679963,2.2819905774493225,60.53816230124621,89.77586931343693
2.596272510176493,1.5752295530136107,62.79268912618811,93.37076998507149
2.097216617558858,1.88648785658152,60.09295191202207,97.39843460671835
3.178031405695312,2.5323215047736367,67.67594104004318,90.66367374171234
2.5234618858800895,1.9328419968547608,62.19698431742878,96.75860050313051
2.705266524800803,2.049205279372065,58.60945741525689,89.45796262502817
2.941328041142068,1.8483314040926953,72.28926066614609,94.74556654606161
2.048225439794939,1.8098745543529267,58.99956251616567,89.54595800120549
3.341648482132999,1.9489192320560886,52.82484979301106,89.43602413950408
3.0399849316413228,1.8916832102218553,74.11587905217205,80.79969692849147
2.830908632828589,2.377250538745052,79.32148992614495,81.79600078729727
3.0463667001914763,2.154610879366788,68.64607627275832,89.35480967117041
2.912781015730939,2.3956651479330553,72.58750311219939,93.29070262138191
2.736731246227631,1.6738287490018717,72.49544332539605,89.70737335178954
2.5668902711421757,2.457635944461217,82.76693680256093,86.1029044357347
2.3943430902576868,2.0964368672134714,62.35913982478548,85.58122544764471
2.804885712361347,2.641804515237783,65.62995482951166,93.28766199649606
2.83448122390867,2.074167158491805,65.72170717978928,85.30085997814986
3.1232795210752795,1.6419794556011238,68.73045674269991,93.65935235652628
2.7702640034876787,2.475266188362151,67.13549115268675,93.03403238508209
2.3487193936877757,2.0490535285629403,67.89824342821214,96.63986863939868
2.0595068610413376,1.4443654760999332,69.27041870078945,100.9758265321103
2.6389751351960276,2.1335584044109113,80.46582672522118,88.76990405782907
2.6790166493241716,2.159368437757436,70.07159486351264,89.38567227728356
2.65076336688256,2.4128338229985853,73.45943522766265,96.40473613861175
2.0777948410577505,1.0137518506356626,72.47422901567516,89.69408293207434
3.119786056214203,2.4346608425333884,70.57431286609823,82.8716015965684
3.119051898493513,1.94762097357741,66.77510852323462,86.44481299010063
2.3606859341542035,2.6678743723762577,73.3089943913724,91.64250456253055
3.0123928446488617,1.5745156997478023,57.721096537706245,84.44187104816814
3.0711323447246626,2.2536016705762156,77.79333250814214,98.98421281814672
2.705378830659077,2.21351564922658,72.47194439980116,95.75414425395458
2.310600549522369,1.963365580921824,69.01279445297543,85.71206585135434
3.3353526141044094,1.8578582284673966,68.32308183981182,86.06909027402381
2.8423685735088906,1.977876491686669,69.74143087417315,90.51462901106089
2.5895850179151827,1.985983912831267,73.3631003120252,87.99085509457674
2.9991381582691634,1.7139685980686932,71.22399254241054,89.43775531563912
3.3388833951400607,2.3878976510153733,76.72874690347525,92.96288680837606
2.491135941324454,1.7623398960703707,78.86138424435465,89.02062440865804
2.9665690181027156,2.396957293334002,75.07321619276037,96.32276736772732
3.467264068289883,1.5533196304247232,59.301599533132496,93.80079637316295
2.243374066305808,2.0368430659424375,65.22069263178481,94.49955073464194
2.470298564508775,2.0413080400892607,74.36114591926358,84.70921044401696
2.450857967763118,2.0852616884169324,81.39498168260486,83.45329471414999
2.626669145180312,2.3768887639037923,64.8198274926702,89.81654668004842
2.606010505646322,2.0292958340126717,72.06032049504974,97.95885011619234
2.81031817574682,1.95262117691489,75.89036689694184,95.37092399700948
2.361849791946105,2.030201724541783,69.04643530574812,93.25177185974702
2.4409346044476425,2.3843020566709243,60.96979767330733,95.50938439926237
2.8105161935930303,1.7283179155595918,80.32711636213705,84.91111070946145
2.7519647438934842,1.7837994500580612,63.10397512730644,83.41742347332908
3.03963192366408,1.5029905242730157,63.88552673679094,95.75151280645585
2.853742009970256,2.698174608765921,70.03707576060837,87.1665980395099
2.9987386542243053,1.7420765815152635,68.73658472605989,86.29302044913543
2.2328191841833998,1.52437050323848,62.80420508625806,92.639577571188
2.536633475553687,1.847330258406375,78.62535613612854,88.78573419381331
3.429351980353378,1.9062634255844435,71.57607470779284,89.35145985000125
2.8468312186206677,2.5296368003721206,73.92317139729043,91.43772165825769
2.9889571846185268,1.9505302323274092,68.13645634327457,90.68629313927526
2.7990938948651176,2.1775307842128124,68.35854051094059,82.5799323103301
2.8601343427715142,1.5527660585824308,76.46935570014813,87.78975686968552
2.5976383793887305,2.1523950475345015,65.22698811940612,93.16005835699288
4.118631687210525,1.5953611265842265,66.2269520363621,86.81026967097476
2.5315376310361204,1.9959214853501417,71.24404527966254,88.45130091427944
2.6746715129027394,1.86203870570512,73.91652468600985,88.59345217956547
1.7200654698179003,2.1074814491499287,73.93432179040123,78.41701798131174
3.132506663037889,2.280322611841589,62.65204020397481,90.35719689316468
2.469098820126029,1.6892312147605624,61.791486109908625,87.15038591661771
2.6656823575953434,1.7490744715332727,63.22521018636967,92.53589047534919
2.4787837796472676,2.1480767017833746,73.79178734721562,91.06813475439725
2.6345268218900615,2.296185713240748,73.78382145993076,86.3235348768599
2.576301160631748,2.5152125585284386,70.35585035657006,92.0022883984534
2.6727832896877404,1.9484324808941953,70.21098292465821,87.71533887391782
2.668879406938461,1.6425563975267312,58.32650435036798,86.80652275848934
2.628317875405647,2.1459877158681757,70.34607487808962,83.3237340299405
2.6228491093814883,1.851606884633613,58.80263590132793,91.8744592363179
3.213407380930407,1.8126739407300556,73.43663391229997,89.21846508441708
3.042566767903703,2.512453122309586,66.47697245056881,87.58045684034069
3.044976927378636,2.275615043026137,69.87801056154848,82.8541091703275
2.3970204475552896,1.8715766407171,67.09819660490126,94.84729469529026
3.1927283327393456,2.0843865393975025,67.91077991487698,88.62913984278627
3.1426578036783552,2.064296903563727,61.6055589918865,91.43218761999586
2.468638268479374,2.1395286853501374,67.37033471284717,91.27453011747102
3.2995408068799215,1.968218115992628,68.01526517491715,83.72192919568802
2.4167096228000844,1.5199812417088858,69.66059300829671,92.99357677248832
1.953187264637969,1.7970949474983218,71.72235106401199,88.7528293485325
3.130610394461269,1.930401024423562,71.33005967062293,88.9885781229131
2.6421924878279697,2.098433529879867,70.04476956531354,81.16670864065726
3.080768625829993,1.7653116913459548,64.42090266405053,95.4202484303355
2.3883191349103234,2.145885481368224,60.47303237108058,90.36305170934426
2.185291995301183,1.9756185616447763,62.285262576887526,88.92875864326757
3.182748715449588,1.8621574694330518,63.413183263566424,86.7741388682121
2.127092574641693,1.708917162810672,73.56271530829076,89.63708147696866
2.0655877954250546,2.223947424917434,74.96075647780654,92.772606764397
1.919765243694259,2.2172730157468936,63.5412817038488,89.5308096956006
1.5722110806769685,2.3300662645366943,61.32394042387144,92.02187384652125
2.274358246694244,2.25478646768908,58.502452428046716,84.97692916438744
1.8222368166351854,2.277240336438352,64.59542598869452,81.65454247480312
2.675757806156068,2.204623585898039,70.93583560147323,86.39216338716093
1.795433059870141,1.5624770964198622,61.76538575845972,88.28237402291799
2.252290632329604,2.006264336166094,75.63543323255635,85.22609584485537
3.6228247984838626,1.6602852614729304,70.636739478486,89.57364378243302
2.8280496962448285,2.5007636226479097,74.90323602518755,88.69060562348896
2.7111222701630906,2.0857958825880747,63.54117667368571,81.41502471563133
2.041699207872057,2.470926753645557,72.74390653413967,93.22518591631747
2.5917609336204914,1.7809033124648042,61.63309354011658,88.87992168642013
2.709243425254647,2.0624392352321945,72.62004025002261,84.70650977735231
2.0479276816851764,2.1690122749126677,77.18853261392083,83.06182147209276
2.7404722723522474,1.9907293563189457,77.09963868870517,100.15616384413428
3.1664929828260395,2.146336819924976,65.1590380744762,87.68747994343514
2.5506967524642477,2.5346490370125143,63.01804681920662,80.3098712731299
2.6111054526382858,1.7804259731002092,67.38886722712488,83.3419225637536
1.8731614338018305,1.2986232538134863,77.98352869558533,90.25938124271481
2.130306452556165,2.5701872417999967,60.0900422125344,86.57099313109279
3.1130780405712866,1.8525013290084316,59.16903469232042,88.78886211867531
2.4253797413677973,2.4267499088667757,55.922326010914404,89.69985581684382
2.318115346223033,2.285573990081247,68.97498169682208,89.74750050497406
2.412966753611457,2.024993960590183,58.034628635493014,89.72349376432999
2.667013549199668,2.2041034368933063,75.66449061563222,89.09861859863048
2.226633635653683,1.7478397206909522,78.40886239072931,97.1638578266233
2.740606602388094,2.1157691463178367,67.56525825653003,88.28735964013596
2.145996929150776,2.268212061435615,82.99778378221585,94.87918017990643
2.999600000830314,1.8577001820990415,69.82435495500715,90.83226222354371
2.267177689064159,1.9759126708664956,65.32009298026269,94.19452653849629
3.2181073275728402,2.1837780559253965,65.21991205278704,92.41501613827707
2.6859869388970465,2.486982112896386,77.14101123062626,95.0210440528834
2.351742228641908,2.089053548038167,73.23613526518612,101.33231417941707
3.0545842438329265,1.960802046617309,56.01534657557373,89.52782111932869
2.140201248358755,2.0460752676396643,56.930672807574645,91.90079602088717
2.471173741993036,2.4380527841016137,59.436231246953106,98.43381758078156
2.6899697893557537,1.8975462992505632,64.78509408180881,90.96911252408917
2.6415332786847165,1.9999302808682404,60.476828207123255,78.00458766357764
1.8865658126517495,1.9003217665295433,63.73607413868218,87.8795407939565
2.321741382954653,2.028705039566827,63.38100580492064,88.28491774691527
2.757293736969373,2.1541086807013308,61.564903019857844,90.49937304809693
2.162043376256036,2.4001634604563353,81.32906413131298,87.00091169200415
3.1965717194663386,1.4526274145768312,77.05726607071566,100.32816394631455
2.8880723555143946,2.2566466747286107,79.25780825105403,99.7267419886776
2.484303843715572,1.8225230352799553,78.63824875505203,82.5696286027942
2.6018830138799744,2.267921001539094,67.96782501266927,85.73826048431647
3.434625649532727,2.461890496790361,69.07496099854127,94.6613966293246
3.064395380350527,2.3886785035999476,62.741401320411555,86.23549144410599
2.8420876579464687,2.1373876340476783,69.305097814858,88.04798647112479
2.1237924918262894,2.3403496801877197,62.298418398269675,86.35304199698395
3.3418445274583832,1.8069848190827957,58.62539906871051,96.23846401857834
3.1109604275495912,2.069650974260579,63.721131554944215,89.57580691326194
2.6306378449760515,2.545841329004296,73.7200892276888,95.54863162815884
2.470120772316486,1.8532233410670922,68.99164743527648,87.29676654719471
2.6148384244892906,2.1491807495118227,72.07740085608654,93.48870612154089
2.2092253276532103,1.9792473883166597,68.50428348805684,88.71340815529457
2.5016857769170637,2.0314674589362234,62.795842960213115,90.76622158472925
2.9952642056618064,2.2118213585439532,71.56881228468869,87.97014331538982
1.9669514891029711,2.009144328435978,68.9784774413377,88.73153422024892
2.56437025030309,2.0889772560385604,76.4270597904771,89.4892262725895
2.735502389151935,1.9386250191162615,76.66536440863841,91.02589081298161
2.7314272149293313,1.5424915024487211,66.59245978802045,93.42598141983251
2.2184252183866295,2.1479282384686256,69.13991368480782,85.61440757068746
2.2171388434691757,2.221841010995371,62.938481480181736,83.95255211475161
3.1256661529833534,2.504652039261215,63.15537207497604,95.57508914974005
2.2001883628734835,2.0504403610588886,64.8829806366895,99.08142511454984
3.0934603825233746,1.671587440577189,71.40172256108089,94.22828182471766
2.4970538739566033,1.863797541778027,65.22676066143237,95.7890971733549
3.121918540120374,2.2521177036017694,77.82688095164958,88.22717316100953
2.5215685978379945,2.0646411468100774,71.28819084524706,92.67188936096137
2.2234114717534776,2.173787265247629,66.76186605398331,91.85239975214928
3.032621942557385,1.9840759584536856,74.59630506750615,90.68681975737303
2.683043511107921,2.650942674224351,63.91697400080773,86.07722478217289
3.2694306341297805,2.6083964033844476,64.46944690981334,82.61226828640392
3.0468800340551354,1.8105213123640134,76.61828283362061,95.49544892281222
2.5982293484224814,2.362709297933255,60.42966528917654,93.41593472708803
2.5101329593348103,2.181218716944436,67.48718156923866,86.93558512329992
2.6993489373148996,2.0940678575869014,66.08440947688091,91.48933832841135
2.7660840071436756,1.8320936031967456,63.92506867385964,87.84663172500096
2.3373005893072767,2.5764591900342944,74.41347100473823,94.08685330502513
3.026775829209831,2.4395775023497177,73.66157648498833,92.28617191417526
2.531054603275841,1.6528699842142591,72.5310064132195,96.8759390470791
2.520788901938675,2.505047392477796,68.54040737611503,90.48615518915932
2.473724665050999,2.0784865188942847,72.31412879370644,89.53354822629285
2.7824069069373487,1.910662827787148,56.18658540251634,90.09139791883247
2.413178959311658,1.7970266706266704,65.93118743108168,102.49785776037355
2.7439880439961177,2.3734460935582207,68.62853521616863,93.00277247305524
3.7966412284407483,2.209968656430652,64.80380752120499,90.4060692899384
2.668556215971463,1.8277561039194827,69.5332279734662,93.97404132608875
2.516398104680541,1.8466706635007144,82.93289245461753,88.84989947004098
2.0229243087408397,1.97374306891592,69.08731870903091,91.5121477325349
2.7100887699056275,1.936248186307885,70.9091837758358,94.47902440266012
2.2463076227001575,2.248334093645788,69.63670292933752,78.26864994573597
2.539776752411371,2.2036210979251427,61.091932528508785,83.95604808810643
2.750643037458857,1.8993050291418574,59.32288879487053,84.3067028452203
1.997604220071139,1.5927471725675226,58.516893910817444,88.38219769315053
2.7529851009593833,1.6898002199450726,70.11455078585956,88.32940370559788
2.8118060701704177,2.3510166526491347,55.959886858583225,91.95431764876656
2.1711599921333393,1.7915568579377088,72.32147451522542,92.9244489663936
2.533076323148365,2.1233405596611785,67.16697312463242,96.53487690999263
1.957733455128878,1.5610527398593705,71.15674346459278,88.47218726795946
3.320200374336962,2.2091179506989014,60.30694024889007,88.13570425128884
2.8222253106195376,2.6658579216713054,77.87122859240698,87.77298486732988
2.618164599608359,1.6915798306993741,68.03967284472817,85.88005163323112
2.624625667737535,2.2549091807344164,56.850471850869,90.80316781791684
3.1425774432263074,2.1717385799343827,75.92447378492865,84.41516047098638
2.6523337792317556,2.3653651838462424,60.63295411775511,95.09699831153581
2.8223267085103014,2.050627904199301,60.946168093047845,91.1017637968938
3.297451824146198,2.1718474826195795,61.09418877946021,93.58767247055475
2.551533140799121,2.1445922384448406,66.50697166774171,97.19466058658352
2.252945870197307,2.2618528456912275,71.98213032350847,79.69877385180912
2.3601997700985518,1.8382661884929061,71.80466311829949,89.30074448503099
3.2614655337757195,2.147734628415348,83.7803637862973,87.21042379254857
2.7265713234056226,2.3330976792453573,64.35328966768898,91.98474723077157
2.4890674846921303,2.4403971774273834,65.61428361670681,93.69142742371471
3.0794577519196635,2.238718674657102,60.08180424153636,91.84210060166308
3.089182954270864,1.7504130398116153,61.70927221533727,90.5151807937732
2.4997408928374245,1.623926547343979,75.23606201742406,89.14482975640819
2.3012252651658196,2.212587668252183,65.33106519790654,94.07690311730217
2.0617885595755157,1.7865068740481278,71.15559307854305,90.03159897944525
1.9724444316295051,2.343300381825763,68.59534665853143,97.5403926290778
2.5840054192616013,2.003664690931664,61.9935676711087,87.61428203476154
2.3327216211852826,2.393484783017894,63.37238480416823,98.12742274673317
3.433389763922474,2.727744987382637,56.96145123775068,84.58392949066686
2.7134151018780095,2.0713031974425387,67.16188072923755,91.13303657035837
1.9131401826995358,2.0551998840593075,68.88278642811717,90.26194933183625
3.257491710204025,2.3940478847608335,66.5455944111344,86.74031386962453
2.754684123767038,2.4091715083369074,74.45959579900536,83.80781170454641
2.9719917921492423,2.600482450433823,60.320211756598916,94.09099206211832
2.962813910733364,2.148970885794851,68.68364111343647,89.90439825157941
2.8086226269146155,1.9001399124973024,62.27671901036172,94.2022185491738
2.8993370521738173,2.092314097176258,70.72239533132488,97.9325821266725
2.785504268691882,1.9029112420640708,62.93001814032757,92.94720279032623
2.247445637613825,2.1619429110286124,73.35668054410762,94.2353187427866
2.8366928792569897,1.829528093639908,72.28790322656991,88.19664372268531
3.099562201997016,2.3606019368954816,70.42954283298126,96.33301438362825
2.6059774349416727,2.299247046376382,69.97524449105518,96.79522884164234
2.9105208872279023,2.1317099911753,70.14303766816192,92.47365274471875
2.8578356580792246,2.097672964026782,70.43300433772816,88.9224532183269
3.416260825567643,2.031067124545662,71.64402091061444,90.14443092901215
2.588899879720096,2.48367656105649,66.23592930861486,90.60198913741802
2.573198334891903,2.4462252448068837,61.563031118932194,92.00514294962639
2.6432273039413,2.133715056373333,68.13286225867276,89.87479937285228
2.6490435699585237,1.8330050368682014,71.52935053701856,88.61126578744755
1.780952915618279,1.7369455042431163,71.52074916922665,89.15047304809173
2.4329560634133713,2.176286213911321,78.95333720676727,89.92657690967113
2.809954026618309,1.8985814187750814,65.354245110946,95.42788007737937
2.6866973941328585,2.2327801617128364,59.79421986437494,85.72492829877388
2.370264338321147,1.9739913387890717,65.07654520237021,81.19310475978256
2.424088299129848,2.3221263077715832,65.82217590788831,83.07932362925348
2.5477547486812164,2.152224573343661,63.48976180774287,90.92513850317047
2.369371287679032,2.389415918585526,62.06084331970754,91.16409725226254
2.4847797558226397,1.4198284243117123,67.5681335380213,95.18650344613988
2.474243952208586,2.02188492625254,67.97842007394397,101.08738259337827
3.0481483386428705,2.75503643998005,62.06654377264405,89.17847533733563
3.0965565074164307,1.3390516964789185,61.418940708134016,94.68213637810986
3.0634340377578693,2.3427956651855486,70.65677517309543,87.30207438383606
2.8606807196700874,2.2154011222306824,71.2766803560083,94.87664232427034
2.4066710062345806,2.4757103163047702,63.40616406283034,91.19484077847076
3.073932179997492,2.0379224613423115,67.35076851854762,84.53700740602895
2.564299765392228,2.4471063317158634,71.42939944242714,91.38429182110168
2.699220883303788,2.455071741241633,69.19764633894405,92.26731368309173
3.2252882127722353,2.149034027810433,77.93174544522778,91.65713033921674
2.723597142452656,1.740796436489155,60.2125956670082,88.67763241560134
2.7889136120950475,2.3639013602245638,58.90370802889268,96.55441774462395
2.1248882056013643,1.7979689014144489,72.8092573743144,95.05410788234201
2.8848037175067414,2.048787028830676,70.5357214339873,93.02305383192365
2.2979973410790073,2.374072473248758,65.05693170343538,86.7914744797933
3.0947758625471606,2.4176203119472093,75.03227844899493,88.15756518495873
2.6161603291308597,1.9856123080385073,64.46563116915094,93.62393121795238
1.7955324631931557,2.2780948809121337,71.52245833103511,97.60247406446598
2.546791958974663,1.6272390158343586,67.30540259981017,94.57116882276975
2.598786184685633,1.948285729619177,63.672308687383115,89.11104116486473
2.884190090431237,2.5306756687771332,65.81427119834292,90.64503081290118
2.958204956258867,2.493016414353833,75.54630301804957,95.49373841864796
2.5588943021115247,2.290764150924736,66.04389567739966,84.09205432300772
3.0951472779415496,2.0474496542574383,77.60037016678072,83.61617005005229
1.4231778685388374,2.3441780949938527,69.34811492872059,94.65996709127005
2.4044044007899084,2.083031542388664,66.85307222835954,90.55162427427602
2.2450542916651255,2.140468582248019,62.274015227227565,85.70308633989396
2.188326595766031,2.116514872521833,72.52665769696443,89.08271704012694
3.0738825485390042,1.85734390818146,69.65747597637896,88.35849706024779
3.0216681596099395,2.3077774433958127,67.92252219685331,92.20327731656006
2.3796919918359114,1.7690158218274672,69.0094376419233,89.373629263974
3.161222801583984,2.3227534562569274,67.65925294896182,91.89581848292282
2.730586756980967,1.801819258828424,61.100655278214184,97.06409220079816
2.521326359689939,1.8733772852307542,72.3923999171275,90.80002028293208
2.412830881451025,1.2377457932590172,79.72860988009793,89.45951995925336
2.378691309414763,2.043174964477491,78.75796205682872,87.62817837103981
2.879109942979814,2.1467566924788075,69.04378343911607,87.79501116969178
2.950061960386801,2.33812175241604,66.85353042046091,89.4492836928219
2.7854004848751637,2.4832628029096036,68.91634212751288,94.52748809811673
1.869912929046761,1.6429359716511702,64.60949768329911,93.48187186787585
2.8085434624211616,2.3854482461239686,70.11428717566105,83.27493589476855
2.9161586256155223,1.9507897239199528,70.68437845844514,98.3611839772386
2.4223177578142203,2.0683819705377102,61.062254468748975,87.45328139110468
2.707300217159341,2.058419493328273,66.39400419275404,87.46645014275799
1.944446280279701,1.9551455987540918,73.73263031887576,89.15087695468418
2.1980123753280907,1.8230266829351198,73.89285931828405,99.17928524195177
2.560305860703789,2.173765014564196,60.72433614056741,92.79437540170966
2.5660995423935575,2.3333435133968448,75.08471481217265,90.95146300415273
2.8306717486998405,1.7120684861720017,66.65724576635095,87.29098532628458
2.2152298453882358,2.0841623730880032,68.23709745619327,90.72114808205916
2.553517574151731,1.901296323593989,67.40579763694781,100.16757286940424
2.4940880878346365,2.4187765333455755,55.506397084006466,93.83447116143577
2.901204189591683,2.2380738640834035,70.968548061609,87.9161300955336
3.2584171073473325,2.5426115343276066,58.58725484200927,88.36227299103305
3.37836812792403,1.6253704995652594,73.4634654233134,92.63117453947164
2.062623981267457,2.4002589801083483,60.457203052031645,94.24090696487323
2.670794323299817,2.138799623146572,74.86705946819549,84.73851821730382
2.244988275902094,1.8724479650614194,69.80957642393349,91.66015089933951
2.664102019405504,2.236761048067611,72.11117493291864,93.15476829433905
2.8591677118463794,2.5598099818482574,64.02626252587967,95.57495079493745
2.7225963594813645,2.5713842374018747,57.36522465259726,84.4802733697251
2.6703953204822155,2.3366654612769815,62.41595055818571,100.2818893853665
3.2832156699061206,1.7925185942537365,70.3570848410415,88.07565492158119
2.9783957566815635,2.18295903602676,71.18632991314016,87.92858515840142
2.5809382153848865,2.192726772823996,63.15038543560951,87.6504645004442
2.699684544358117,2.4626049867930884,76.48486643412478,92.5444107784415
3.0383591227157596,2.0405374462940373,68.2838682207638,85.73056282593497
2.9339162024157117,2.0946715349047635,58.39372396756637,97.71642000981349
2.519969558519671,1.8939473921206729,70.0425338611634,87.83202703621973
1.9799028635585723,2.290426196191115,63.68619904601641,90.46619885659518
2.216137002890924,2.0253768532538445,73.41514504766882,84.86024043650016
2.748391690005406,2.1457935766266765,69.77221633333949,87.5515087048421
1.9753892589283977,1.949134996134832,69.31798828743885,80.8395647646166
2.6290422007934287,2.104171884119725,66.63799114695608,89.77081220201455
2.508572329524988,1.7658760985069015,75.25172059470866,89.43585894097795
3.0897011212188814,2.138266750047634,62.855651181833274,81.97409079210014
2.1627824706098178,1.9092274327317054,70.4513434230336,89.06674975901578
1.9172924084396046,2.2997985663284726,68.655883682699,92.16834569551102
2.522143703355957,2.6442360255513577,62.09603003386126,95.99555044062816
2.9439052526374088,2.343710372636442,67.94045733881997,85.81421508432582
3.1179674395709407,1.7540232458499152,62.62818565563216,81.71879935057788
2.3262691933760227,1.9822109852304488,80.84663516669865,89.34770196370066
2.8781054990384742,1.60709147476476,74.59709353664252,97.97518707663303
2.245427820895058,2.094071018567593,58.433892172042825,88.45770718929086
